Filename, /nodc/web/data.nodc/htdocs/nodc/archive/metadata/approved/iso/NDBC-CMANWx.xml
Master Score, 91
Run Date, 2017-06-02 19:31:34.847976


Element, Rule, Exists, Scored, Rationale, Text, Descent Text, XPath
"parentIdentifier","Recommended","False","False","['no element at given xpath']","None","None","/gmi:MI_Metadata/gmd:parentIdentifier"
"lineageStatement","Conditional","True","False","[]","None","The data were produced by the National Data Buoy Center (NDBC) and are archived at the NOAA National Centers for Environmental Information (NCEI). The original data before January 2011 were in the F291 format and have been converted into NetCDF by NCEI.","//gmd:DQ_DataQuality/gmd:lineage//gmd:statement"
"crossRefType","Recommended","True","False","[]","sciencePaper || userGuide || collection","None","//gmd:MD_DataIdentification/gmd:aggregationInfo/gmd:MD_AggregateInformation[gmd:associationType/gmd:DS_AssociationTypeCode/@codeListValue = 'crossReference']/gmd:initiativeType/gmd:DS_InitiativeTypeCode/@codeListValue"
"spatialExtent","Conditional","True","True","[]","None","-177.8 || -66.6 || 0 || 61.1","//gmd:MD_DataIdentification/gmd:extent/gmd:EX_Extent/gmd:geographicElement/gmd:EX_GeographicBoundingBox"
"coverageRange","Not Required","False","False","['no element at given xpath', 'attributes subcategory not scored because failed special logic parser (features elements scored) - now extra credit']","None","None","//gmd:contentInfo//gmi:rangeElementDescription/gmi:MI_RangeElementDescription"
"instrumentKeywordThesaurus","Recommended","True","False","[]","None","NODC INSTRUMENT TYPES THESAURUS || Global Change Master Directory (GCMD) Instrument Keywords","//gmd:MD_DataIdentification/gmd:descriptiveKeywords/gmd:MD_Keywords[gmd:type/gmd:MD_KeywordTypeCode/@codeListValue = 'instrument']/gmd:thesaurusName/gmd:CI_Citation/gmd:title"
"topicCategory","Conditional","True","True","[]","environment || oceans || climatologyMeteorologyAtmosphere","None","//gmd:MD_DataIdentification/gmd:topicCategory/gmd:MD_TopicCategoryCode"
"platformID","Required","True","True","['acquisition subcategory scored because passed special logic parser']","None","FIXED PLATFORM","//gmi:MI_AcquisitionInformation//gmi:MI_Platform/gmi:identifier//gmd:code"
"hierarchyLevelName","Not Required","False","False","['no element at given xpath', 'failed content check; therefore, exists = false']","None","None","//gmi:MI_Metadata/gmd:hierarchyLevelName"
"source","Required","False","False","['no element at given xpath', 'not scored because failed if logic parser', 'lineage subcategory not scored because failed special logic parser (aquisition elements scored) - now extra credit']","None","None","//gmd:DQ_DataQuality/gmd:lineage/gmd:LI_Lineage//gmd:source"
"granuleKeywordThesaurus","Not Required","True","False","[]","None","Global Change Master Directory (GCMD) Data Center Keywords || 2015 || publication || Version 8.1 || Global Change Data Center, Science and Exploration Directorate, Goddard Space Flight Center (GSFC) National Aeronautics and Space Administration (NASA) || Greenbelt || MD || http://gcmd.gsfc.nasa.gov/learn/keywords.html || HTTP || Web Browser || NASA GCMD Keyword Community Page || Overview of the NASA GCMD Keywords. || information || custodian || NCEI ACCESSION NUMBER || 2016-10-04 || publication || NODC DATA TYPES THESAURUS || NODC INSTRUMENT TYPES THESAURUS || NODC OBSERVATION TYPES THESAURUS || NODC PLATFORM NAMES THESAURUS || NODC COLLECTING INSTITUTION NAMES THESAURUS || NODC SUBMITTING INSTITUTION NAMES THESAURUS || NODC SEA AREA NAMES THESAURUS || WMO_CategoryCode || 2012-09-15 || publication || Global Change Master Directory (GCMD) Project Keywords || 2016 || publication || Version 8.4 || Global Change Data Center, Science and Exploration Directorate, Goddard Space Flight Center (GSFC) National Aeronautics and Space Administration (NASA) || Greenbelt || MD || http://gcmd.gsfc.nasa.gov/learn/keywords.html || HTTP || Web Browser || NASA GCMD Keyword Community Page || Overview of the NASA GCMD Keywords. || information || custodian || Global Change Master Directory (GCMD) Science and Services Keywords || 2016 || publication || Version 8.4 || Global Change Data Center, Science and Exploration Directorate, Goddard Space Flight Center (GSFC) National Aeronautics and Space Administration (NASA) || Greenbelt || MD || http://gcmd.gsfc.nasa.gov/learn/keywords.html || HTTP || Web Browser || NASA GCMD Keyword Community Page || Overview of the NASA GCMD Keywords. || information || custodian || NetCDF Climate and Forecast (CF) Metadata Convention Standard Name Table || Global Change Master Directory (GCMD) Instrument Keywords || 2016 || publication || Version 8.4 || Global Change Data Center, Science and Exploration Directorate, Goddard Space Flight Center (GSFC) National Aeronautics and Space Administration (NASA) || Greenbelt || MD || http://gcmd.gsfc.nasa.gov/learn/keywords.html || HTTP || Web Browser || NASA GCMD Keyword Community Page || Overview of the NASA GCMD Keywords. || information || custodian || Global Change Master Directory (GCMD) Platform Keywords || 2016 || publication || Version 8.4 || Global Change Data Center, Science and Exploration Directorate, Goddard Space Flight Center (GSFC) National Aeronautics and Space Administration (NASA) || Greenbelt || MD || http://gcmd.gsfc.nasa.gov/learn/keywords.html || HTTP || Web Browser || NASA GCMD Keyword Community Page || Overview of the NASA GCMD Keywords. || information || custodian || NDBC C-MAN Station/Buoy Identifiers || Global Change Master Directory (GCMD) Location Keywords || 2016 || publication || Version 8.4 || Global Change Data Center, Science and Exploration Directorate, Goddard Space Flight Center (GSFC) National Aeronautics and Space Administration (NASA) || Greenbelt || MD || http://gcmd.gsfc.nasa.gov/learn/keywords.html || HTTP || Web Browser || NASA GCMD Keyword Community Page || Overview of the NASA GCMD Keywords. || information || custodian","//gmd:MD_DataIdentification/gmd:descriptiveKeywords/gmd:MD_Keywords/gmd:thesaurusName"
"projectKeyword","Recommended","True","False","[]","None","NOAA OneStop Project","//gmd:MD_DataIdentification/gmd:descriptiveKeywords/gmd:MD_Keywords[gmd:type/gmd:MD_KeywordTypeCode/@codeListValue = 'project']/gmd:keyword"
"onlineResourceFunction","Required","True","True","[]","download || information || search","None","//gmd:CI_OnlineResource/gmd:function/gmd:CI_OnLineFunctionCode/@codeListValue"
"measureDescription","Not Required","True","False","[]","None","The Data Stewardship Maturity Matrix (DSMM) is a unified framework that defines criteria for each of nine components based on measurable practices, which can be used to apply a progressive, 6-level rating to an individual dataset, representing stewardship maturity stages rated as Not Assessed or Not Available (Level 0), adHoc (Level 1), minimum (Level 2), intermediate (Level 3), advanced (Level 4), and optimal (Level 5).","//gmd:DQ_DataQuality/gmd:report//gmd:measureDescription"
"distFormatVersion","Not Required","True","False","[]","None","netCDF-4 Classic || 1981-03-30","//gmd:MD_Distribution//gmd:MD_Format/gmd:version"
"featureCatalogIncluded","Required","False","True","['no element at given xpath', 'features subcategory scored because passed special logic parser']","None","None","//gmd:contentInfo/gmd:MD_FeatureCatalogueDescription/gmd:includedWithDataset"
"coverageDimension","Not Required","False","False","['no element at given xpath', 'attributes subcategory not scored because failed special logic parser (features elements scored) - now extra credit']","None","None","//gmd:contentInfo//gmd:dimension"
"themeKeywords","Required","True","True","[]","None","AIR TEMPERATURE || BAROMETRIC PRESSURE || CONDUCTIVITY || CURRENT DIRECTION || CURRENT SPEED || CURRENT SPEED - EAST/WEST COMPONENT (U) || CURRENT SPEED - NORTH/SOUTH COMPONENT (V) || CURRENT SPEED - UP/DOWN COMPONENT (W) || DEPTH - OBSERVATION || DEPTH - SENSOR || DEWPOINT || DIRECTIONAL WAVE SPECTRA || HYDROSTATIC PRESSURE || INCOMING SOLAR RADIATION || PHOTOSYNTHETIC ACTIVE RADIATION (PAR) || RELATIVE HUMIDITY || SALINITY || SEA SURFACE TEMPERATURE || VISIBILITY || WATER TEMPERATURE || WAVE DATA || WAVE DIRECTION || WAVE HEIGHT - MAXIMUM || WAVE HEIGHT - SIGNIFICANT || WAVE PERIOD - AVERAGE || WAVE PERIOD - DOMINANT || WAVE SPECTRA || WIND DIRECTION || WIND DIRECTION - CONTINUOUS || WIND GUST || WIND SPEED || current measurements || meteorological || physical || time series || oceanography || weatherObservations || EARTH SCIENCE > ATMOSPHERE > ATMOSPHERIC PRESSURE || EARTH SCIENCE > ATMOSPHERE > ATMOSPHERIC RADIATION > INCOMING SOLAR RADIATION || EARTH SCIENCE > ATMOSPHERE > ATMOSPHERIC TEMPERATURE || EARTH SCIENCE > ATMOSPHERE > ATMOSPHERIC TEMPERATURE > SURFACE TEMPERATURE > DEW POINT TEMPERATURE || EARTH SCIENCE > ATMOSPHERE > ATMOSPHERIC WATER VAPOR > HUMIDITY || EARTH SCIENCE > ATMOSPHERE > ATMOSPHERIC WINDS > SURFACE WINDS || EARTH SCIENCE > ATMOSPHERE > ATMOSPHERIC WINDS > SURFACE WINDS > WIND SPEED/WIND DIRECTION || EARTH SCIENCE > OCEANS > OCEAN CIRCULATION > OCEAN CURRENTS || EARTH SCIENCE > OCEANS > OCEAN OPTICS || EARTH SCIENCE > OCEANS > OCEAN OPTICS > PHOTOSYNTHETICALLY ACTIVE RADIATION || EARTH SCIENCE > OCEANS > OCEAN PRESSURE > WATER PRESSURE || EARTH SCIENCE > OCEANS > OCEAN TEMPERATURE > SEA SURFACE TEMPERATURE || EARTH SCIENCE > OCEANS > OCEAN TEMPERATURE > WATER TEMPERATURE || EARTH SCIENCE > OCEANS > OCEAN WAVES || EARTH SCIENCE > OCEANS > OCEAN WAVES > WAVE HEIGHT || EARTH SCIENCE > OCEANS > OCEAN WAVES > WAVE PERIOD || EARTH SCIENCE > OCEANS > OCEAN WAVES > WAVE SPECTRA || EARTH SCIENCE > OCEANS > OCEAN WAVES > WAVE SPEED/DIRECTION || EARTH SCIENCE > OCEANS > SALINITY/DENSITY > CONDUCTIVITY || EARTH SCIENCE > OCEANS > SALINITY/DENSITY > SALINITY || adcp_quality_flags || air_pressure || air_pressure_at_sea_level || air_temperature || depth || dew_point_temperature || direction_of_sea_water_velocity || downwelling_longwave_flux_in_air || downwelling_shortwave_flux_in_air || eastward_sea_water_velocity || first_normalized_polar_coordinate_of_the_Fourier_coefficients || latitude || longitude || northward_sea_water_velocity || principal_wave_direction_at_specified_frequency || relative_humidity || sea_surface_temperature || sea_surface_wave_frequency || sea_surface_wave_from_direction || sea_surface_wave_mean_period_from_variance_spectral_density_second_frequency_moment || sea_surface_wave_period_at_variance_spectral_density_maximum || sea_surface_wave_significant_height || sea_surface_wave_variance_spectral_density || sea_water_electrical_conductivity || sea_water_salinity || sea_water_speed || sea_water_temperature || time || upward_sea_water_velocity || wind_from_direction || wind_speed || wind_speed_of_gust","//gmd:MD_DataIdentification/gmd:descriptiveKeywords/gmd:MD_Keywords[gmd:type/gmd:MD_KeywordTypeCode/@codeListValue = 'theme']/gmd:keyword"
"distContact","Required","True","True","[]","None","DOC/NOAA/NESDIS/NCEI > National Centers for Environmental Information, NESDIS, NOAA, U.S. Department of Commerce || 301-713-3277 || 301-713-3300 || Federal Building 151 Patton Avenue || Asheville || NC || 28801-5001 || USA || NCEI.Info@noaa.gov || pointOfContact","//gmd:MD_Distribution//gmd:MD_Distributor/gmd:distributorContact/gmd:CI_ResponsibleParty"
"reportDate","Not Required","True","False","[]","None","2017-03-24T00:00:00","//gmd:DQ_DataQuality/gmd:report//gmd:dateTime"
"placeKeywordThesaurus","Recommended","True","False","[]","None","NODC SEA AREA NAMES THESAURUS || Global Change Master Directory (GCMD) Location Keywords","//gmd:MD_DataIdentification/gmd:descriptiveKeywords/gmd:MD_Keywords[gmd:type/gmd:MD_KeywordTypeCode/@codeListValue = 'place']/gmd:thesaurusName/gmd:CI_Citation/gmd:title"
"creator","Recommended","True","False","[]","None","US DOC; NOAA; NWS; National Data Buoy Center (NDBC) || 1007 BALCH BOULEVARD || STENNIS SPACE CENTER || MS || 39529-6000 || USA || http://www.ndbc.noaa.gov/ || HTTP || Web browser || US DOC; NOAA; NWS; National Data Buoy Center (NDBC) website || Institution web page || information || resourceProvider","//gmd:MD_DataIdentification/gmd:citation/gmd:CI_Citation/gmd:citedResponsibleParty[.//gmd:role/gmd:CI_RoleCode/@codeListValue[(.)= 'resourceProvider' or (.) = 'originator' or (.) = 'principalInvestigator' or (.) = 'author' or (.) = 'collaborator']]"
"evaluationProcedure","Not Required","True","False","[]","None","The Scientific Data Stewardship Maturity Assessment Model Template || 2015-06-23 || publication || NCDC-CICS-SMM_0001_Rev.1 v4.0 06/23/2015 || doi:10.10.6084/m9.figshare.1211954 || Peng, Ge || CICS-NC/NCEI || author || https://doi.org/10.6084/m9.figshare.1211954 || HTTPS || Web Browser || The Scientific Data Stewardship Maturity Assessment Model Template || Landing page for quality evaluation procedure. || information || documentDigital","//gmd:DQ_DataQuality/gmd:report//gmd:evaluationProcedure"
"result","Recommended","True","False","[]","None","optimal || optimal || intermediate || optimal || advanced || intermediate || intermediate || minimal || intermediate","//gmd:DQ_DataQuality/gmd:report//gmd:result"
"duration","Recommended","False","False","['no element at given xpath']","None","None","//gmd:MD_DataIdentification/gmd:extent/gmd:EX_Extent/gmd:temporalElement//gmd:EX_TemporalExtent//gml:TimePeriod/gml:duration"
"processor","Required","True","False","['not scored because failed if logic parser', 'lineage subcategory not scored because failed special logic parser (aquisition elements scored) - now extra credit', 'not scored because failed special logic parser']","None","DOC/NOAA/NESDIS/NCEI > National Centers for Environmental Information, NESDIS, NOAA, U.S. Department of Commerce || processor","//gmd:DQ_DataQuality/gmd:lineage/gmd:LI_Lineage//gmd:processor/gmd:CI_ResponsibleParty"
"distURLProtocol","Not Required","True","False","[]","None","HTTPS || HTTPS || HTTPS || THREDDS || DAP || HTTPS || FTP","//gmd:MD_Distribution//gmd:MD_DigitalTransferOptions/gmd:onLine/gmd:CI_OnlineResource/gmd:protocol"
"metadataMaintenanceNote","Recommended","True","False","[]","None","Metadata are developed, maintained and distributed by NCEI. Updates are performed as needed to maintain currentness.","/gmi:MI_Metadata/gmd:metadataMaintenance/gmd:MD_MaintenanceInformation/gmd:maintenanceNote"
"dataCenterKeyword","Recommended","True","False","[]","None","DOC/NOAA/NESDIS/NODC > National Oceanographic Data Center, NESDIS, NOAA, U.S. Department of Commerce || DOC/NOAA/NESDIS/NCEI > National Centers for Environmental Information, NESDIS, NOAA, U.S. Department of Commerce || DOC/NOAA/NWS/NDBC > National Data Buoy Center, National Weather Service, NOAA, U.S. Department of Commerce || US DOC; NOAA; NWS; National Data Buoy Center || US DOC; NOAA; NWS; National Data Buoy Center","//gmd:MD_DataIdentification/gmd:descriptiveKeywords/gmd:MD_Keywords[gmd:type/gmd:MD_KeywordTypeCode/@codeListValue = 'dataCenter']/gmd:keyword"
"specification","Recommended","True","False","[]","None","NetCDF Climate and Forecast (CF) Metadata Convention || NODC file format description for meteorology, oceanography, and wave spectra data from buoys","//gmd:MD_Distribution//gmd:MD_Format/gmd:specification"
"distFormat","Required","True","True","[]","None","netCDF || F291","//gmd:MD_Distribution//gmd:MD_Format/gmd:name"
"scopeCode","Required","True","True","[]","series","None","//gmi:MI_Metadata/gmd:hierarchyLevel/gmd:MD_ScopeCode/@codeListValue"
"useLimitation","Not Required","True","False","[]","otherRestrictions","None","//gmd:resourceConstraints/gmd:MD_LegalConstraints/gmd:accessConstraints/gmd:MD_RestrictionCode/@codeListValue"
"distURL","Required","True","True","[]","None","https://www.nodc.noaa.gov/search/granule/rest/find/document?searchText=fileIdentifier%3ANDBC-CMANWx*&start=1&max=100&f=searchPage || https://www.nodc.noaa.gov/BUOY/ || https://data.nodc.noaa.gov/cgi-bin/iso?id=gov.noaa.nodc:NDBC-CMANWx || https://data.nodc.noaa.gov/thredds/catalog/ndbc/cmanwx/ || https://data.nodc.noaa.gov/opendap/ndbc/cmanwx/ || https://data.nodc.noaa.gov/ndbc/cmanwx/ || ftp://ftp.nodc.noaa.gov/pub/data.nodc/ndbc/cmanwx/","//gmd:MD_Distribution//gmd:MD_DigitalTransferOptions/gmd:onLine/gmd:CI_OnlineResource/gmd:linkage"
"largerWorkName","Recommended","False","False","['no element at given xpath']","None","None","//gmd:MD_DataIdentification/gmd:aggregationInfo/gmd:MD_AggregateInformation[gmd:associationType/gmd:DS_AssociationTypeCode/@codeListValue = 'largerWorkCitation']/gmd:aggregateDataSetName/gmd:CI_Citation/gmd:title"
"publisher","Recommended","True","False","[]","None","DOC/NOAA/NESDIS/NCEI > National Centers for Environmental Information, NESDIS, NOAA, U.S. Department of Commerce || 301-713-3277 || 301-713-3300 || Federal Building 151 Patton Avenue || Asheville || NC || 28801-5001 || USA || NODC.DataOfficer@noaa.gov || https://www.ncei.noaa.gov/ || HTTPS || Web browser || NOAA National Centers for Environmental Information website || Main NCEI website providing links to access data and data services. || information || publisher || DOC/NOAA/NESDIS/NODC > National Oceanographic Data Center, NESDIS, NOAA, U.S. Department of Commerce || 301-713-3277 || 301-713-3302 || 1315 East-West Highway, SSMC3, 4th floor || Silver Spring || MD || 20910-3282 || USA || NODC.DataOfficer@noaa.gov || https://www.nodc.noaa.gov/ || HTTPS || Web browser || NOAA National Centers for Environmental Information website || Website providing links to access data and data services. || information || publisher","//gmd:MD_DataIdentification/gmd:citation/gmd:CI_Citation/gmd:citedResponsibleParty[.//gmd:role/gmd:CI_RoleCode/@codeListValue = 'publisher']"
"onlineResourceDesc","Conditional","True","True","[]","None","Main NCEI website providing links to access data and data services. || Main NCEI website providing links to access data and data services. || Website providing links to access data and data services. || Institution web page || Main NCEI website providing links to access data and data services. || Overview of the NASA GCMD Keywords. || Overview of the NASA GCMD Keywords. || Overview of the NASA GCMD Keywords. || Overview of the NASA GCMD Keywords. || Overview of the NASA GCMD Keywords. || Overview of the NASA GCMD Keywords. || "Handbook of Automated Data Quality Control Checks and Procedures, National Buoy Data Center". NDBC Technical Document 09-02 || Institution web page || Anctil, F., M.A. Donelan, G.Z. Forristal, K.E. Steele, Y. Ouellet. "Deep-water Field evaluation of the NDBC-SWADE 3-m discus directional buoy". Journal of Atmospheric and Oceanic Technology, vol. 10, pp.97-112, 1993. doi:10.1175/1520-0426(1993)010<0097:DWFEOT>2.0.CO;2 || Gilhousen, D.B., "An accuracy statement for meteorological measurements obtained from NDBC moored buoys". National Data Buoy Center. 1986. || Institution web page || Institution web page || Gilhousen, D.B., "A field evaluation of NDBC Moored Buoy Winds". Journal of Atmospheric and Oceanic Technology, vol.4, pp. 94-104, 1987. doi:10.1175/1520-0426(1987)004%3C0094:AFEONM%3E2.0.CO;2 || Institution web page || Gilhousen, D. B. "Field evaluation of NDBC directional wave data". Proceedings of the 2nd International Workshop on Wave Hindcasting and Forecasting, Vancouver, BC, issue 1-10, 1989. || Institution web page || Rex Hervey, "Are Moored Buoy Winds Too Low in High Seas?". Western Region Technical Attachment, No. 00-10, August 29, 2000. || Institution web page || K. Steele, Joseph Lau and Yuan-Huang Hsu, "Theory and application of calibration techniques for an NDBC directional wave measurements buoy," in IEEE Journal of Oceanic Engineering, vol. 10, no. 4, pp. 382-396, October 1985. doi:10.1109/JOE.1985.1145116 || Wilkerson, John C., and Marshall D. Earle. "A Study of Differences between Environmental Reports by Ships in the Voluntary Observing Program and Measurements from NOAA Buoys." J. Geophys. Res. Journal of Geophysical Research 95.C3 (1990): 3373-3385. doi:10.1029/JC095iC03p03373 || Documentation for National Data Buoy Center (NDBC) Coastal-Marine Automated Network (C-MAN) and moored (weather) buoy data archived at NODC (NODC Accession 0070493) || File format description || Search for data granules belonging to this collection (a granule is the smallest aggregation of data that can be independently described and retrieved). || Search for data by user-specified criteria and optionally download data. || Navigate directly to the URL for a descriptive web page with download links. || These data are available through a variety of services via a THREDDS (Thematic Real-time Environmental Distributed Data Services) Data Server (TDS). Depending on the dataset, the TDS can provide WMS, WCS, DAP, HTTP, and other data access and metadata services as well. For more information on the TDS, see http://www.unidata.ucar.edu/software/thredds/current/tds/. || These data are available through the Data Access Protocol (DAP) via an OPeNDAP Hyrax server. For a listing of OPeNDAP clients which may be used to access OPeNDAP-enabled data sets, please see the OPeNDAP website at http://opendap.org/. || Navigate directly to the URL for data access and direct download. || These data are available through the File Transfer Protocol (FTP). You may use any FTP client to download these data. || Landing page for quality evaluation procedure.","//gmd:CI_OnlineResource/gmd:description"
"fileIdentifier","Required","True","True","[]","None","gov.noaa.nodc:NDBC-CMANWx","/gmi:MI_Metadata/gmd:fileIdentifier"
"evaluationMethodDescription","Not Required","True","False","[]","None","Data Stewardship Maturity Assessment was evaluated by the metadata content editor for the NOAA OneStop project using the Scientific Data Stewardship Maturity Assessment Model Template v4.0.","//gmd:DQ_DataQuality/gmd:report//gmd:evaluationMethodDescription"
"projectKeywordThesaurus","Recommended","True","False","[]","None","Global Change Master Directory (GCMD) Project Keywords","//gmd:MD_DataIdentification/gmd:descriptiveKeywords/gmd:MD_Keywords[gmd:type/gmd:MD_KeywordTypeCode/@codeListValue = 'project']/gmd:thesaurusName/gmd:CI_Citation/gmd:title"
"pubYear","Recommended","True","False","[]","None","2006-03-16 || publication","//gmd:MD_DataIdentification/gmd:citation/gmd:CI_Citation/gmd:date[.//gmd:dateType/gmd:CI_DateTypeCode/@codeListValue = 'publication' or .//gmd:dateType/gmd:CI_DateTypeCode/@codeListValue = 'creation']"
"lineageScope","Required","True","False","['not scored because failed if logic parser', 'lineage subcategory not scored because failed special logic parser (aquisition elements scored) - now extra credit']","repository || dataset","None","//gmd:DQ_DataQuality[gmd:lineage]/gmd:scope/gmd:DQ_Scope/gmd:level/gmd:MD_ScopeCode/@codeListValue"
"platformDescription","Required","True","True","['acquisition subcategory scored because passed special logic parser']","None","FIXED PLATFORM","//gmi:MI_AcquisitionInformation//gmi:MI_Platform/gmi:description"
"coverageAttribute","Required","False","False","['no element at given xpath', 'attributes subcategory not scored because failed special logic parser (features elements scored) - now extra credit']","None","None","//gmd:contentInfo//gmd:attributeDescription"
"coverageDetails","Required","False","False","['no element at given xpath', 'attributes subcategory not scored because failed special logic parser (features elements scored) - now extra credit']","None","None","//gmd:contentInfo//gmi:rangeElementDescription/gmi:MI_RangeElementDescription | //gmd:contentInfo//gmd:dimension"
"resourceTitle","Required","True","True","[]","None","Meteorological and oceanographic data collected from the National Data Buoy Center Coastal-Marine Automated Network (C-MAN) and moored (weather) buoys","//gmd:MD_DataIdentification/gmd:citation/gmd:CI_Citation/gmd:title"
"resourceConstraint","Required","True","True","[]","None","accessLevel: Public || otherRestrictions || Cite as: US DOC; NOAA; NWS; National Data Buoy Center (1971). Meteorological and oceanographic data collected from the National Data Buoy Center Coastal-Marine Automated Network (C-MAN) and moored (weather) buoys. National Oceanographic Data Center, NOAA. Dataset. [access date] || otherRestrictions || NOAA and NCEI cannot provide any warranty as to the accuracy, reliability, or completeness of furnished data. Users assume responsibility to determine the usability of these data. The user is responsible for the results of any application of this data for other than its intended purpose. || Distribution liability: NOAA and NCEI make no warranty, expressed or implied, regarding these data, nor does the fact of distribution constitute such a warranty. NOAA and NCEI cannot assume liability for any damages caused by any errors or omissions in these data. If appropriate, NCEI can only certify that data it distributes are an authentic copy of the records that were accepted for inclusion in the NCEI archives.","//gmd:MD_DataIdentification/gmd:resourceConstraints"
"dataCenterKeywordThesaurus","Recommended","True","False","[]","None","Global Change Master Directory (GCMD) Data Center Keywords || NODC COLLECTING INSTITUTION NAMES THESAURUS || NODC SUBMITTING INSTITUTION NAMES THESAURUS","//gmd:MD_DataIdentification/gmd:descriptiveKeywords/gmd:MD_Keywords[gmd:type/gmd:MD_KeywordTypeCode/@codeListValue = 'dataCenter']/gmd:thesaurusName/gmd:CI_Citation/gmd:title"
"resourceDateType","Not Required","True","False","[]","publication || revision","None","/gmi:MI_Metadata/gmd:identificationInfo/gmd:MD_DataIdentification/gmd:citation/gmd:CI_Citation/gmd:date/gmd:CI_Date/gmd:dateType/gmd:CI_DateTypeCode"
"resourceIdentifier","Recommended","True","False","[]","None","gov.noaa.nodc:NDBC-CMANWx","//gmd:MD_DataIdentification/gmd:citation/gmd:CI_Citation/gmd:identifier/gmd:MD_Identifier/gmd:code"
"onlineResourceName","Conditional","True","False","['not scored because or rule parser']","None","NOAA National Centers for Environmental Information website || NOAA National Centers for Environmental Information website || NOAA National Centers for Environmental Information website || US DOC; NOAA; NWS; National Data Buoy Center (NDBC) website || NOAA National Centers for Environmental Information website || NASA GCMD Keyword Community Page || NASA GCMD Keyword Community Page || NASA GCMD Keyword Community Page || NASA GCMD Keyword Community Page || NASA GCMD Keyword Community Page || NASA GCMD Keyword Community Page || Handbook of Automated Data Quality Control Checks and Procedures || US DOC; NOAA; NWS; National Data Buoy Center (NDBC) website || Deep-water Field evaluation of the NDBC-SWADE 3-m discus directional buoy || An accuracy statement for meteorological measurements obtained from NDBC moored buoys || US DOC; NOAA; NWS; National Data Buoy Center (NDBC) website || US DOC; NOAA; NWS; National Data Buoy Center (NDBC) website || A field evaluation of NDBC Moored Buoy Winds || US DOC; NOAA; NWS; National Data Buoy Center (NDBC) website || Field evaluation of NDBC directional wave data || US DOC; NOAA; NWS; National Data Buoy Center (NDBC) website || Are Moored Buoy Winds Too Low in High Seas? || US DOC; NOAA; NWS; National Data Buoy Center (NDBC) website || 10.1109/JOE.1985.1145116 || A study of the differences between environmental reports by ships in the voluntary observing program and measurements from NOAA buoys || NODC Accession 0070493 || NODC F291 file format || Granule Search || NOAA Marine Environmental Buoy Database || Descriptive Information || THREDDS || OPeNDAP || HTTPS || FTP || The Scientific Data Stewardship Maturity Assessment Model Template","//gmd:CI_OnlineResource/gmd:name"
"metadataStandardName","Required","True","True","[]","None","ISO 19115-2 Geographic Information - Metadata - Part 2: Extensions for Imagery and Gridded Data","/gmi:MI_Metadata/gmd:metadataStandardName"
"temporalExtent","Required","True","True","[]","None","1986-01-01","//gmd:MD_DataIdentification//gmd:EX_Extent/gmd:temporalElement//gmd:EX_TemporalExtent"
"granuleKeywordType","Not Required","True","False","[]","dataCenter || instrument || project || platform || theme || place","None","//gmd:MD_DataIdentification/gmd:descriptiveKeywords/gmd:MD_Keywords/gmd:type/gmd:MD_KeywordTypeCode/@codeListValue"
"featureCatalogURL","Recommended","False","False","['no element at given xpath']","None","None","//gmd:contentInfo/gmd:MD_FeatureCatalogueDescription/gmd:featureCatalogueCitation/gmd:CI_Citation/gmd:citedResponsibleParty/gmd:CI_ResponsibleParty/gmd:contactInfo/gmd:CI_Contact/gmd:onlineResource/gmd:CI_OnlineResource/gmd:linkage/gmd:URL"
"crossRefName","Recommended","True","False","[]","None","Handbook of Automated Data Quality Control Checks and Procedures || Deep-water Field evaluation of the NDBC-SWADE 3-m discus directional buoy || An Accuracy Statement for Meteorological Measurements Obtained from NDBC Moored Buoys || A field evaluation of NDBC Moored Buoy Winds || Field evaluation of NDBC directional wave data || Are Moored Buoy Winds Too Low in High Seas? || Theory and Application of Calibration Techniques for an NDBC DirectionalWave Measurements Buoy || A study of the differences between environmental reports by ships in the voluntary observing program and measurements from NOAA buoys || Documentation for National Data Buoy Center (NDBC) Coastal-Marine Automated Network (C-MAN) and moored (weather) buoy data archived at NODC (NODC Accession 0070493) || File format description for meteorology, oceanography, and wave spectra data from buoys (National Oceanographic Data Center F291 format)","//gmd:MD_DataIdentification/gmd:aggregationInfo/gmd:MD_AggregateInformation[gmd:associationType/gmd:DS_AssociationTypeCode/@codeListValue = 'crossReference']/gmd:aggregateDataSetName/gmd:CI_Citation/gmd:title"
"nameOfMeasure","Not Required","True","False","[]","None","Data Stewardship Maturity Assessment","//gmd:DQ_DataQuality/gmd:report//gmd:nameOfMeasure"
"platformKeywordThesaurus","Recommended","True","False","[]","None","NODC PLATFORM NAMES THESAURUS || Global Change Master Directory (GCMD) Platform Keywords || NDBC C-MAN Station/Buoy Identifiers","//gmd:MD_DataIdentification/gmd:descriptiveKeywords/gmd:MD_Keywords[gmd:type/gmd:MD_KeywordTypeCode/@codeListValue = 'platform']/gmd:thesaurusName/gmd:CI_Citation/gmd:title"
"largerWorkType","Recommended","False","False","['no element at given xpath']","None","None","//gmd:MD_DataIdentification/gmd:aggregationInfo/gmd:MD_AggregateInformation[gmd:associationType/gmd:DS_AssociationTypeCode/@codeListValue = 'largerWorkCitation']/gmd:initiativeType/gmd:DS_InitiativeTypeCode/@codeListValue"
"resourceDate","Required","True","True","[]","None","2006-03-16 || publication || 2017-05-15 || revision","//gmd:MD_DataIdentification/gmd:citation/gmd:CI_Citation/gmd:date[gmd:CI_Date or gmd:CI_Date/gmd:date/@gco:nilReason]"
"placeKeywords","Recommended","True","False","[]","None","Beaufort Sea || Bering Sea || Caribbean Sea || Coastal waters of Alabama || Coastal Waters of Florida || Coastal Waters of Louisiana || Coastal Waters of Southeast Alaska and British Columbia || Coastal Waters of Texas || Coastal Waters of Western U.S. || Cordell Bank National Marine Sanctuary || Florida Keys National Marine Sanctuary || Gray's Reef National Marine Sanctuary || Great Lakes || Greater Farallones National Marine Sanctuary || Gulf of Alaska || Gulf of Mexico || Gulf of the Farallones National Marine Sanctuary || Monitor National Marine Sanctuary || Monterey Bay National Marine Sanctuary || North American Coastline-North || North American Coastline-South || North Atlantic Ocean || North Pacific Ocean || Olympic Coast National Marine Sanctuary || Papahānaumokuākea Marine National Monument || Philippine Sea || South Pacific Ocean || Thunder Bay National Marine Sanctuary || CONTINENT > NORTH AMERICA > CANADA > GREAT LAKES, CANADA || CONTINENT > NORTH AMERICA > UNITED STATES OF AMERICA > GREAT LAKES || OCEAN > ARCTIC OCEAN > BEAUFORT SEA || OCEAN > ATLANTIC OCEAN > NORTH ATLANTIC OCEAN || OCEAN > ATLANTIC OCEAN > NORTH ATLANTIC OCEAN > CARIBBEAN SEA || OCEAN > ATLANTIC OCEAN > NORTH ATLANTIC OCEAN > GULF OF MEXICO || OCEAN > PACIFIC OCEAN > CENTRAL PACIFIC OCEAN > HAWAIIAN ISLANDS || OCEAN > PACIFIC OCEAN > NORTH PACIFIC OCEAN || OCEAN > PACIFIC OCEAN > NORTH PACIFIC OCEAN > BERING SEA || OCEAN > PACIFIC OCEAN > NORTH PACIFIC OCEAN > GULF OF ALASKA || OCEAN > PACIFIC OCEAN > SOUTH PACIFIC OCEAN","//gmd:MD_DataIdentification/gmd:descriptiveKeywords/gmd:MD_Keywords[gmd:type/gmd:MD_KeywordTypeCode/@codeListValue = 'place']/gmd:keyword"
"qualityReport","Required","True","True","[]","None","Data Stewardship Maturity Assessment || MM-Stew || The Data Stewardship Maturity Matrix (DSMM) is a unified framework that defines criteria for each of nine components based on measurable practices, which can be used to apply a progressive, 6-level rating to an individual dataset, representing stewardship maturity stages rated as Not Assessed or Not Available (Level 0), adHoc (Level 1), minimum (Level 2), intermediate (Level 3), advanced (Level 4), and optimal (Level 5). || Data Stewardship Maturity Assessment was evaluated by the metadata content editor for the NOAA OneStop project using the Scientific Data Stewardship Maturity Assessment Model Template v4.0. || The Scientific Data Stewardship Maturity Assessment Model Template || 2015-06-23 || publication || NCDC-CICS-SMM_0001_Rev.1 v4.0 06/23/2015 || doi:10.10.6084/m9.figshare.1211954 || Peng, Ge || CICS-NC/NCEI || author || https://doi.org/10.6084/m9.figshare.1211954 || HTTPS || Web Browser || The Scientific Data Stewardship Maturity Assessment Model Template || Landing page for quality evaluation procedure. || information || documentDigital","//gmd:DQ_DataQuality/gmd:report//gmd:nameOfMeasure | //gmd:measureIdentification | //gmd:measureDescription | //gmd:evaluationMethodDescription | //gmd:evaluationProcedure"
"metadataDate","Required","True","True","[]","None","2017-05-15T06:49:31","/gmi:MI_Metadata/gmd:dateStamp"
"resourceContact","Required","True","True","[]","None","DOC/NOAA/NESDIS/NCEI > National Centers for Environmental Information, NESDIS, NOAA, U.S. Department of Commerce || 301-713-3277 || 301-713-3300 || Federal Building 151 Patton Avenue || Asheville || NC || 28801-5001 || USA || NCEI.Info@noaa.gov || https://www.ncei.noaa.gov/ || HTTPS || Web browser || NOAA National Centers for Environmental Information website || Main NCEI website providing links to access data and data services. || information || pointOfContact","//gmd:MD_DataIdentification/gmd:citation/gmd:CI_Citation/gmd:citedResponsibleParty/gmd:CI_ResponsibleParty[gmd:role/gmd:CI_RoleCode/@codeListValue='pointOfContact'] | //gmd:MD_DataIdentification/gmd:pointOfContact"
"abstract","Required","True","True","[]","None","The National Data Buoy Center (NDBC) established the Coastal-Marine Automated Network (C-MAN) for the National Weather Service in the early 1980's. NDBC has installed approximately 50 C-MAN stations on lighthouses, at capes and beaches, on near shore islands, and on offshore platforms. NDBC has also deployed over 100 moored (a.k.a., weather) buoys in coastal and offshore waters from the western Atlantic to the Pacific Ocean around Hawaii, and from the Bering Sea to the South Pacific. C-MAN and moored buoy data typically include barometric pressure, wind direction, speed and gust, and air temperature; however, some C-MAN stations are equipped to also measure seawater temperature, water level, waves, and relative humidity. Moored buoys measure wave energy spectra from which NDBC derives significant wave height, dominant wave period, and average wave period. In addition, many moored buoys measure the direction of wave propagation. In collaboration, NDBC and the National Centers for Environmental Information (NCEI) -- formerly the National Oceanographic Data Center (NODC) -- are archiving these data from C-MAN and moored buoys. This collection is part of the collaboration and it contains both NODC F291 and netCDF (version 4) files with data collected from February 1970 through the present day.","//gmd:MD_DataIdentification/gmd:abstract"
"citation","Recommended","True","False","[]","Cite as: US DOC; NOAA; NWS; National Data Buoy Center (1971). Meteorological and oceanographic data collected from the National Data Buoy Center Coastal-Marine Automated Network (C-MAN) and moored (weather) buoys. National Oceanographic Data Center, NOAA. Dataset. [access date]","None","//gmd:resourceConstraints/gmd:MD_LegalConstraints/gmd:otherConstraints/gco:CharacterString[contains(., 'CITE') or contains(.,'cite') or contains(.,'Cite')]"
"instrumentDescription","Required","True","True","['acquisition subcategory scored because passed special logic parser']","None","Acoustic Doppler Current Profiler

The Acoustic Doppler Current Profiler (ADCP) measures currents beneath a ship while underway. Sound signals sent from the moving ship bounce back to receivers aboard the ship. This provides a profile of water movement relative to the ship-precise modern navigation, allowing the ship's motion to be subtracted from the data. These devices are also used on moorings and profilers and, along with acoustic backscattering, measure animal biomass. Particles in the path of the sound waves, mostly plankton, reflect a small part of the sound energy back toward receivers, allowing researchers to make remote estimates of the sizes and numbers of animals present in the water column. Before the 1970's, the most technologically advanced instrument used to measure water velocity was known as a Doppler speed log. This evolved into the first commercial ADCP, produced in the mid-1970's, which used averaging. Later in the 1970's, the first vessel-mounted ADCP was developed to measure water velocity more accurately and to allow measurement in range cells over a depth profile.

As instruments evolved, so did new techniques in Doppler signal processing. Initially, Doppler speed logs used simple analog signal processing methods, which are still used in some commercial speed logs today. However, the first ADCPs incorporated analog-to-digital signal conversion over a narrow communication bandwidth. Around 1990, this technique was developed into broadband signal processing. Since then, broadband ADCPs have been able to generate very accurate, real-time velocity measurements. || Instrument that measures wind speed || Barometers are instruments for measuring atmospheric pressure;
two types include mercury barometers and aneroid barometers. || buoy - moored buoy || Conductivity-Temperature-Depth probe || current meter || Global Positioning System reciever

satellite-based instrument used for geo-location, positioning and navigation || used on moored buoys to derive wave steepness or height

instrument used on moored buoys to measure 'vertical displacement of the buoy hull' to determine wave height, period, etc.
May be used in conjunction with the use of a Datawell Hippy sensor to measure vertical heave acceleration along with pitch and roll. Also may be used with a second sensor, a triaxial magnetometer, is used to measure hull azimuth. || meteorological sensors || Instrument that measure solar radiation. || electronic temperature sensor

thermally sensitive resistor","//gmi:MI_AcquisitionInformation//gmi:MI_Instrument/gmi:description"
"processStep","Required","True","False","['not scored because failed if logic parser', 'lineage subcategory not scored because failed special logic parser (aquisition elements scored) - now extra credit']","None","The original data in the F291 format prior to January 2011 have been converted to NetCDF by using the F291NC program version 0.4.1. F291NC was developed by NCEI, utilizing information from the original F291 format specification to map fields to the NCEI TimeSeries Orthogonal v2.0 NetCDF Template. The software extracted data from the fields in each original F291 file and copied those data to fields into a corresponding NetCDF file. The best effort was made to take into account the requirements and limitations of the F291 format, such that the resulting NetCDF file would represent the original data as closely as possible, except for the ten minute averages of wind direction and wind speed appearing in Record Type J. The ten minute averages are named as FIRST, SECOND, ..., and SIXTH. After ten minutes, the FIRST AVERAGE of the prior F291 record appears as the SECOND AVERAGE of the current F291 record, SECOND AVERAGE as THIRD AVERAGE, up to FIFTH AVERAGE as SIXTH AVERAGE. This shift of ten minute averages introduces redundant data points. Following how the National Data Buoy Center stores the ten minute averages in their NetCDF files in and after January 2011, we filtered out redundant data and placed the ten minute averages of wind speed and wind direction to NetCDF arrays continuous_wind_speed and continuous_wind_direction, respectively. This improvement not only reduces the size of resulting NetCDF files but also provides much more convenient way to access the averages. Processing messages, warnings and errors were captured to log files, one per original F291 data file. || NOAA created the National Centers for Environmental Information (NCEI) by merging NOAA's National Climatic Data Center (NCDC), National Geophysical Data Center (NGDC), and National Oceanographic Data Center (NODC), including the National Coastal Data Development Center (NCDDC), per the Consolidated and Further Continuing Appropriations Act, 2015, Public Law 113-235. NCEI launched publicly on April 22, 2015.","//gmd:DQ_DataQuality/gmd:lineage/gmd:LI_Lineage[gmd:processStep or gmd:sourceStep]//gmd:description"
"timeInterval","Recommended","False","False","['no element at given xpath']","None","None","//gmd:MD_DataIdentification/gmd:extent/gmd:EX_Extent/gmd:temporalElement//gmd:EX_TemporalExtent//gml:TimePeriod/gml:timeInterval"
"featureTypes","Required","False","True","['no element at given xpath', 'features subcategory scored because passed special logic parser']","None","None","//gmd:contentInfo/gmd:MD_FeatureCatalogueDescription/gmd:featureTypes"
"featureCatalogCitation","Required","False","True","['no element at given xpath', 'features subcategory scored because passed special logic parser']","None","None","//gmd:contentInfo/gmd:MD_FeatureCatalogueDescription/gmd:featureCatalogueCitation/gmd:CI_Citation/gmd:title"
"accessConstraint","Not Required","True","False","[]","otherRestrictions","None","//gmd:MD_DataIdentification/gmd:resourceConstraints/gmd:MD_LegalConstraints/gmd:accessConstraints/gmd:MD_RestrictionCode/@codeListValue"
"themeKeywordThesaurus","Recommended","True","False","[]","None","NODC DATA TYPES THESAURUS || NODC OBSERVATION TYPES THESAURUS || WMO_CategoryCode || Global Change Master Directory (GCMD) Science and Services Keywords || NetCDF Climate and Forecast (CF) Metadata Convention Standard Name Table","//gmd:MD_DataIdentification/gmd:descriptiveKeywords/gmd:MD_Keywords[gmd:type/gmd:MD_KeywordTypeCode/@codeListValue = 'theme']/gmd:thesaurusName/gmd:CI_Citation/gmd:title"
"metadataContact","Required","True","True","[]","None","DOC/NOAA/NESDIS/NCEI > National Centers for Environmental Information, NESDIS, NOAA, U.S. Department of Commerce || Data Officer || 301-713-3277 || 301-713-3300 || Federal Building 151 Patton Avenue || Asheville || NC || 28801-5001 || USA || NODC.DataOfficer@noaa.gov || https://www.ncei.noaa.gov/ || HTTPS || Web browser || NOAA National Centers for Environmental Information website || Main NCEI website providing links to access data and data services. || information || custodian","/gmi:MI_Metadata/gmd:contact"
"status","Required","True","True","[]","completed","None","//gmd:MD_DataIdentification/gmd:status/gmd:MD_ProgressCode/@codeListValue"
"purpose","Required","True","True","[]","None","The purpose of collecting this data set is to respond to the need for recorded continuous meteorological and oceanographic observations in the US coastal areas.","//gmd:MD_DataIdentification/gmd:purpose"
"qualityScope","Required","True","True","[]","series","None","//gmd:DQ_DataQuality/gmd:scope/gmd:DQ_Scope/gmd:level/gmd:MD_ScopeCode/@codeListValue[../../../../../gmd:report]"
"instrumentID","Required","True","True","['acquisition subcategory scored because passed special logic parser']","None","ADCP || anemometer || barometers || buoy - moored buoy || CTD || current meter || GPS || inclinometer || meteorological sensors || pyranometer || thermistor","//gmi:MI_AcquisitionInformation//gmi:MI_Instrument/gmi:identifier//gmd:code"
"doi","Recommended","False","False","['no element at given xpath']","None","None","//gmd:MD_DataIdentification/gmd:citation/gmd:CI_Citation/gmd:identifier/gmd:MD_Identifier/gmd:code[contains(., 'DOI') or contains(.,'doi') or contains(.,'Doi')]"
"coverageAttributeType","Required","False","False","['no element at given xpath', 'attributes subcategory not scored because failed special logic parser (features elements scored) - now extra credit']","None","None","//gmd:contentInfo//gmd:contentType/gmd:MD_CoverageContentTypeCode/@codeListValue "
"metadataStandardVersion","Required","True","True","[]","None","ISO 19115-2:2009(E)","/gmi:MI_Metadata/gmd:metadataStandardVersion"
"platformKeyword","Recommended","True","False","[]","None","FIXED PLATFORM || BUOYS || C-MAN > Coastal Marine Network || NDBC MOORED BUOY || 32301 || 32302 || 41001 || 41002 || 41003 || 41004 || 41005 || 41006 || 41007 || 41008 || 41009 || 41010 || 41011 || 41012 || 41013 || 41015 || 41016 || 41017 || 41018 || 41021 || 41022 || 41023 || 41025 || 41035 || 41036 || 41040 || 41041 || 41043 || 41044 || 41046 || 41047 || 41048 || 41049 || 41A40 || 41A41 || 41A43 || 41A44 || 41A47 || 41A48 || 41I35 || 42001 || 42002 || 42003 || 42004 || 42005 || 42006 || 42007 || 42008 || 42009 || 42010 || 42011 || 42012 || 42014 || 42015 || 42016 || 42017 || 42018 || 42019 || 42020 || 42025 || 42035 || 42036 || 42037 || 42038 || 42039 || 42040 || 42041 || 42053 || 42054 || 42055 || 42056 || 42057 || 42058 || 42059 || 42060 || 42065 || 42080 || 42107 || 42A01 || 42A02 || 42A57 || 44001 || 44002 || 44003 || 44004 || 44005 || 44006 || 44007 || 44008 || 44009 || 44010 || 44011 || 44012 || 44013 || 44014 || 44015 || 44017 || 44018 || 44019 || 44020 || 44023 || 44025 || 44026 || 44027 || 44028 || 44065 || 44066 || 44070 || 45001 || 45002 || 45003 || 45004 || 45005 || 45006 || 45007 || 45008 || 45009 || 45010 || 45011 || 45012 || 46001 || 46002 || 46003 || 46004 || 46005 || 46006 || 46007 || 46008 || 46009 || 46010 || 46011 || 46012 || 46013 || 46014 || 46015 || 46016 || 46017 || 46018 || 46019 || 46020 || 46021 || 46022 || 46023 || 46024 || 46025 || 46026 || 46027 || 46028 || 46029 || 46030 || 46031 || 46032 || 46033 || 46034 || 46035 || 46036 || 46037 || 46038 || 46039 || 46040 || 46041 || 46042 || 46043 || 46045 || 46047 || 46048 || 46050 || 46051 || 46053 || 46054 || 46059 || 46060 || 46061 || 46062 || 46063 || 46066 || 46069 || 46070 || 46071 || 46072 || 46073 || 46075 || 46076 || 46077 || 46078 || 46079 || 46080 || 46081 || 46082 || 46083 || 46084 || 46085 || 46086 || 46087 || 46088 || 46089 || 46105 || 46106 || 46107 || 46114 || 46125 || 46A35 || 46A47 || 46A73 || 46A77 || 46B23 || 46B54 || 46B62 || 48011 || 51000 || 51001 || 51002 || 51003 || 51004 || 51005 || 51026 || 51027 || 51028 || 51100 || 51101 || 52009 || 91204 || 91222 || 91251 || 91328 || 91338 || 91343 || 91352 || 91353 || 91355 || 91365 || 91374 || 91377 || 91411 || 91442 || ABAN6 || ALRF1 || ALSN6 || AMAA2 || AUGA2 || BLIA2 || BURL1 || BUSL1 || BUZM3 || CARO3 || CDRF1 || CHLV2 || CLKN7 || CSBF1 || DBLN6 || DESW1 || DISW3 || DPIA1 || DRFA2 || DRYF1 || DSLN7 || DUCN7 || EB01 || EB02 || EB03 || EB04 || EB05 || EB07 || EB10 || EB12 || EB13 || EB15 || EB16 || EB17 || EB19 || EB20 || EB21 || EB31 || EB32 || EB33 || EB34 || EB35 || EB36 || EB39 || EB41 || EB43 || EB44 || EB45 || EB52 || EB53 || EB61 || EB62 || EB63 || EB70 || EB71 || EB72 || ENIP2 || FARP2 || FBIS1 || FFIA2 || FILA2 || FPSN7 || FWYF1 || GBCL1 || GDIL1 || GLLN6 || IOSN3 || KOSP2 || KTNF1 || LKWF1 || LMBV4 || LNEL1 || LONF1 || LPOI1 || LSCM4 || MDRM1 || MISM1 || MLIP2 || MLRF1 || MPCL1 || MRKA2 || NWPO3 || ORKP2 || PAGP2 || PILA2 || PILM4 || PLSF1 || POTA2 || PTAC1 || PTAT2 || PTGC1 || ROAM4 || SACV4 || SANF1 || SAUF1 || SBIO1 || SGNW3 || SGOF1 || SISW1 || SJLF1 || SMKF1 || SPGF1 || SRST2 || STDM4 || SUPN6 || SVLS1 || THIN6 || TPLM2 || TTIW1 || UJAP2 || VENF1 || VERV4 || WPOW1 || XERB1","//gmd:MD_DataIdentification/gmd:descriptiveKeywords/gmd:MD_Keywords[gmd:type/gmd:MD_KeywordTypeCode/@codeListValue = 'platform']/gmd:keyword"
"browseGraphic","Recommended","True","False","[]","None","https://data.nodc.noaa.gov/cgi-bin/gfx?id=gov.noaa.nodc:NDBC-CMANWx","//gmd:MD_DataIdentification/gmd:graphicOverview/gmd:MD_BrowseGraphic/gmd:fileName"
"granuleKeywords","Not Required","True","False","[]","None","DOC/NOAA/NESDIS/NODC > National Oceanographic Data Center, NESDIS, NOAA, U.S. Department of Commerce || DOC/NOAA/NESDIS/NCEI > National Centers for Environmental Information, NESDIS, NOAA, U.S. Department of Commerce || DOC/NOAA/NWS/NDBC > National Data Buoy Center, National Weather Service, NOAA, U.S. Department of Commerce || dataCenter || Global Change Master Directory (GCMD) Data Center Keywords || 2015 || publication || Version 8.1 || Global Change Data Center, Science and Exploration Directorate, Goddard Space Flight Center (GSFC) National Aeronautics and Space Administration (NASA) || Greenbelt || MD || http://gcmd.gsfc.nasa.gov/learn/keywords.html || HTTP || Web Browser || NASA GCMD Keyword Community Page || Overview of the NASA GCMD Keywords. || information || custodian || 0000068 || 0000106 || 0000120 || 0000128 || 0000137 || 0000140 || 0000150 || 0000156 || 0000169 || 0000217 || 0000249 || 0000282 || 0000304 || 0000348 || 0000351 || 0000380 || 0000400 || 0000408 || 0000415 || 0000437 || 0000460 || 0000477 || 0000530 || 0000587 || 0000588 || 0000595 || 0000634 || 0000682 || 0000683 || 0000685 || 0000686 || 0000716 || 0000726 || 0000752 || 0000771 || 0000773 || 0000785 || 0000799 || 0000835 || 0000886 || 0000951 || 0000952 || 0000984 || 0001028 || 0001069 || 0001094 || 0001133 || 0001177 || 0001219 || 0001307 || 0001308 || 0001348 || 0001362 || 0001401 || 0001418 || 0001460 || 0001618 || 0001637 || 0001684 || 0001712 || 0001744 || 0001890 || 0001929 || 0001983 || 0002019 || 0002058 || 0002111 || 0002176 || 0002226 || 0002309 || 0002372 || 0002380 || 0002415 || 0002436 || 0002469 || 0002506 || 0002574 || 0002597 || 0002635 || 0002684 || 0002707 || 0002758 || 0002801 || 0009533 || 0010455 || 0010853 || 0012740 || 0012883 || 0013174 || 0014122 || 0014813 || 0015505 || 0020535 || 0029222 || 0032060 || 0033384 || 0035551 || 0036265 || 0037101 || 0038183 || 0038688 || 0039740 || 0040253 || 0042191 || 0042996 || 0043300 || 0044540 || 0045376 || 0046429 || 0047204 || 0049885 || 0049886 || 0051061 || 0051846 || 0052661 || 0053670 || 0055093 || 0055702 || 0056539 || 0057781 || 0058498 || 0059351 || 0059947 || 0061408 || 0062076 || 0062694 || 0063041 || 0064264 || 0064959 || 0065596 || 0066417 || 0067072 || 0067696 || 0068814 || 0069130 || 0069997 || 0070493 || 0070959 || 0071368 || 0072077 || 0072886 || 0073426 || 0074384 || 0074922 || 0077456 || 0078579 || 0079513 || 0082371 || 0083918 || 0085139 || 0086627 || 0088199 || 0090312 || 0090313 || 0092557 || 0095565 || 0095593 || 0098547 || 0099428 || 0099948 || 0101426 || 0103632 || 0104259 || 0104424 || 0106521 || 0108385 || 0110477 || 0111971 || 0112958 || 0113792 || 0114407 || 0115123 || 0115760 || 0116427 || 0117491 || 0117682 || 0118539 || 0119474 || 0120329 || 0121505 || 0122005 || 0122591 || 0122592 || 0122593 || 0122594 || 0125264 || 0125752 || 0126669 || 0127371 || 0128073 || 0129415 || 0129884 || 0130916 || 0131704 || 0136935 || 0137949 || 0139254 || 0140790 || 0142963 || 0145373 || 0146738 || 0150816 || 0153542 || 0155886 || 0156326 || 0156603 || 0156604 || 0157562 || 0159038 || 0160327 || 0161820 || 0161823 || 0161824 || 0161825 || 0161826 || 0161827 || 0161828 || 0161829 || 0161830 || 0161831 || 0161832 || 0161833 || 0161834 || 0161835 || 0161836 || 0161837 || 0161838 || 0161839 || 0161840 || 0161841 || 0161842 || 0161843 || 0161844 || 0161845 || 0161846 || 0161847 || 0161848 || 0161849 || 0161850 || 0161851 || 0161852 || 0161853 || 0161854 || 0161855 || 0161856 || 0161857 || 0161858 || 0161859 || 0161860 || 0161861 || 0161862 || 0161863 || 0161864 || 0161865 || 0161866 || 0161867 || 0161869 || 0161870 || 0161871 || 0161872 || 0161873 || 0161874 || 0161875 || 0161876 || 0161877 || 0161878 || 0161879 || 0161880 || 0161881 || 0161882 || 0161883 || 0161884 || 0161885 || 0161886 || 0161887 || 0161888 || 0161889 || 0161890 || 0161891 || 0161892 || 0161893 || 0161894 || 0161895 || 0161896 || 0161897 || 0161898 || 0161899 || 0161900 || 0161901 || 0161902 || 0161903 || 0161904 || 0161905 || 0161906 || 0161907 || 0161908 || 0161909 || 0161910 || 0161911 || 0161912 || 0161913 || 0161914 || 0161915 || 0161916 || 0161917 || 0161918 || 0161919 || 0161920 || 0161921 || 0161922 || 0161923 || 0161924 || 0161925 || 0161926 || 0161927 || 0161928 || 0161929 || 0161930 || 0161931 || 0161932 || 0161933 || 0161934 || 0161935 || 0161936 || 0161937 || 0161938 || 0161939 || 0161940 || 0161941 || 0161942 || 0161943 || 0161944 || 0161945 || 0161946 || 0161947 || 0161948 || 0161949 || 0161950 || 0161951 || 0161952 || 0161953 || 0161954 || 0161955 || 0161956 || 0161957 || 0161958 || 0161959 || 0161960 || 0161961 || 0161962 || 0161963 || 0161964 || 0161965 || 0161966 || 0161967 || 0161968 || 0161969 || 0161970 || 0161971 || 0161972 || 0161973 || 0161974 || 0161975 || 0161976 || 0161977 || 0161978 || 0161979 || 0161980 || 0161981 || 0161982 || 0161983 || 0161984 || 0161985 || 0161986 || 0161987 || 0162018 || 0162019 || 0162020 || 0162021 || 0162022 || 0162023 || 0162024 || 0162025 || 0162026 || 0162027 || 0162028 || 0162029 || 0162414 || 0162615 || 8500276 || 8500299 || 8500300 || 8500301 || 8500302 || 8500303 || 8500304 || 8500305 || 8500306 || 8500307 || 8600036 || 8600038 || 8600039 || 8600079 || 8600105 || 8600152 || 8600167 || 8600203 || 8600257 || 8600361 || 8600395 || 8600396 || 8600399 || 8600400 || 8700061 || 8700097 || 8700125 || 8700176 || 8700208 || 8700233 || 8700270 || 8700279 || 8700309 || 8700355 || 8700380 || 8800003 || 8800023 || 8800047 || 8800082 || 8800131 || 8800152 || 8800185 || 8800209 || 8800244 || 8800266 || 8800285 || 8800311 || 8800334 || 8900012 || 8900035 || 8900109 || 8900131 || 8900161 || 8900188 || 8900201 || 8900228 || 8900248 || 8900272 || 8900293 || 9000004 || 9000019 || 9000043 || 9000071 || 9000097 || 9000126 || 9000143 || 9000181 || 9000208 || 9000232 || 9000261 || 9000283 || 9100004 || 9100030 || 9100055 || 9100074 || 9100085 || 9100096 || 9100114 || 9100141 || 9100162 || 9100186 || 9100205 || 9100229 || 9200005 || 9200020 || 9200057 || 9200083 || 9200098 || 9200116 || 9200141 || 9200157 || 9200231 || 9200245 || 9200260 || 9200270 || 9200295 || 9300005 || 9300018 || 9300044 || 9300052 || 9300083 || 9300099 || 9300117 || 9300143 || 9300168 || 9300180 || 9300194 || 9300198 || 9400008 || 9400022 || 9400040 || 9400054 || 9400075 || 9400097 || 9400118 || 9400137 || 9400198 || 9400218 || 9400221 || 9500004 || 9500015 || 9500068 || 9500083 || 9500084 || 9500104 || 9500105 || 9500106 || 9500131 || 9500140 || 9500143 || 9500162 || 9600005 || 9600008 || 9600026 || 9600063 || 9600077 || 9600086 || 9600113 || 9600117 || 9600138 || 9600147 || 9600156 || 9600163 || 9600172 || 9700013 || 9700031 || 9700044 || 9700170 || 9700189 || 9700227 || 9700228 || 9700261 || 9700291 || 9700294 || 9800011 || 9800034 || 9800035 || 9800043 || 9800058 || 9800083 || 9800114 || 9800157 || 9800191 || 9800203 || 9800204 || 9900011 || 9900024 || 9900047 || 9900062 || 9900081 || 9900104 || 9900139 || 9900140 || 9900175 || 9900176 || NCEI ACCESSION NUMBER || 2016-10-04 || publication || AIR TEMPERATURE || BAROMETRIC PRESSURE || CONDUCTIVITY || CURRENT DIRECTION || CURRENT SPEED || CURRENT SPEED - EAST/WEST COMPONENT (U) || CURRENT SPEED - NORTH/SOUTH COMPONENT (V) || CURRENT SPEED - UP/DOWN COMPONENT (W) || DEPTH - OBSERVATION || DEPTH - SENSOR || DEWPOINT || DIRECTIONAL WAVE SPECTRA || HYDROSTATIC PRESSURE || INCOMING SOLAR RADIATION || PHOTOSYNTHETIC ACTIVE RADIATION (PAR) || RELATIVE HUMIDITY || SALINITY || SEA SURFACE TEMPERATURE || VISIBILITY || WATER TEMPERATURE || WAVE DATA || WAVE DIRECTION || WAVE HEIGHT - MAXIMUM || WAVE HEIGHT - SIGNIFICANT || WAVE PERIOD - AVERAGE || WAVE PERIOD - DOMINANT || WAVE SPECTRA || WIND DIRECTION || WIND DIRECTION - CONTINUOUS || WIND GUST || WIND SPEED || theme || NODC DATA TYPES THESAURUS || ADCP || anemometer || barometers || buoy - moored buoy || CTD || current meter || GPS || inclinometer || meteorological sensors || pyranometer || thermistor || instrument || NODC INSTRUMENT TYPES THESAURUS || current measurements || meteorological || physical || time series || theme || NODC OBSERVATION TYPES THESAURUS || FIXED PLATFORM || platform || NODC PLATFORM NAMES THESAURUS || US DOC; NOAA; NWS; National Data Buoy Center || dataCenter || NODC COLLECTING INSTITUTION NAMES THESAURUS || US DOC; NOAA; NWS; National Data Buoy Center || dataCenter || NODC SUBMITTING INSTITUTION NAMES THESAURUS || Beaufort Sea || Bering Sea || Caribbean Sea || Coastal waters of Alabama || Coastal Waters of Florida || Coastal Waters of Louisiana || Coastal Waters of Southeast Alaska and British Columbia || Coastal Waters of Texas || Coastal Waters of Western U.S. || Cordell Bank National Marine Sanctuary || Florida Keys National Marine Sanctuary || Gray's Reef National Marine Sanctuary || Great Lakes || Greater Farallones National Marine Sanctuary || Gulf of Alaska || Gulf of Mexico || Gulf of the Farallones National Marine Sanctuary || Monitor National Marine Sanctuary || Monterey Bay National Marine Sanctuary || North American Coastline-North || North American Coastline-South || North Atlantic Ocean || North Pacific Ocean || Olympic Coast National Marine Sanctuary || Papahānaumokuākea Marine National Monument || Philippine Sea || South Pacific Ocean || Thunder Bay National Marine Sanctuary || place || NODC SEA AREA NAMES THESAURUS || oceanography || weatherObservations || theme || WMO_CategoryCode || 2012-09-15 || publication || NOAA OneStop Project || project || Global Change Master Directory (GCMD) Project Keywords || 2016 || publication || Version 8.4 || Global Change Data Center, Science and Exploration Directorate, Goddard Space Flight Center (GSFC) National Aeronautics and Space Administration (NASA) || Greenbelt || MD || http://gcmd.gsfc.nasa.gov/learn/keywords.html || HTTP || Web Browser || NASA GCMD Keyword Community Page || Overview of the NASA GCMD Keywords. || information || custodian || EARTH SCIENCE > ATMOSPHERE > ATMOSPHERIC PRESSURE || EARTH SCIENCE > ATMOSPHERE > ATMOSPHERIC RADIATION > INCOMING SOLAR RADIATION || EARTH SCIENCE > ATMOSPHERE > ATMOSPHERIC TEMPERATURE || EARTH SCIENCE > ATMOSPHERE > ATMOSPHERIC TEMPERATURE > SURFACE TEMPERATURE > DEW POINT TEMPERATURE || EARTH SCIENCE > ATMOSPHERE > ATMOSPHERIC WATER VAPOR > HUMIDITY || EARTH SCIENCE > ATMOSPHERE > ATMOSPHERIC WINDS > SURFACE WINDS || EARTH SCIENCE > ATMOSPHERE > ATMOSPHERIC WINDS > SURFACE WINDS > WIND SPEED/WIND DIRECTION || EARTH SCIENCE > OCEANS > OCEAN CIRCULATION > OCEAN CURRENTS || EARTH SCIENCE > OCEANS > OCEAN OPTICS || EARTH SCIENCE > OCEANS > OCEAN OPTICS > PHOTOSYNTHETICALLY ACTIVE RADIATION || EARTH SCIENCE > OCEANS > OCEAN PRESSURE > WATER PRESSURE || EARTH SCIENCE > OCEANS > OCEAN TEMPERATURE > SEA SURFACE TEMPERATURE || EARTH SCIENCE > OCEANS > OCEAN TEMPERATURE > WATER TEMPERATURE || EARTH SCIENCE > OCEANS > OCEAN WAVES || EARTH SCIENCE > OCEANS > OCEAN WAVES > WAVE HEIGHT || EARTH SCIENCE > OCEANS > OCEAN WAVES > WAVE PERIOD || EARTH SCIENCE > OCEANS > OCEAN WAVES > WAVE SPECTRA || EARTH SCIENCE > OCEANS > OCEAN WAVES > WAVE SPEED/DIRECTION || EARTH SCIENCE > OCEANS > SALINITY/DENSITY > CONDUCTIVITY || EARTH SCIENCE > OCEANS > SALINITY/DENSITY > SALINITY || theme || Global Change Master Directory (GCMD) Science and Services Keywords || 2016 || publication || Version 8.4 || Global Change Data Center, Science and Exploration Directorate, Goddard Space Flight Center (GSFC) National Aeronautics and Space Administration (NASA) || Greenbelt || MD || http://gcmd.gsfc.nasa.gov/learn/keywords.html || HTTP || Web Browser || NASA GCMD Keyword Community Page || Overview of the NASA GCMD Keywords. || information || custodian || adcp_quality_flags || air_pressure || air_pressure_at_sea_level || air_temperature || depth || dew_point_temperature || direction_of_sea_water_velocity || downwelling_longwave_flux_in_air || downwelling_shortwave_flux_in_air || eastward_sea_water_velocity || first_normalized_polar_coordinate_of_the_Fourier_coefficients || latitude || longitude || northward_sea_water_velocity || principal_wave_direction_at_specified_frequency || relative_humidity || sea_surface_temperature || sea_surface_wave_frequency || sea_surface_wave_from_direction || sea_surface_wave_mean_period_from_variance_spectral_density_second_frequency_moment || sea_surface_wave_period_at_variance_spectral_density_maximum || sea_surface_wave_significant_height || sea_surface_wave_variance_spectral_density || sea_water_electrical_conductivity || sea_water_salinity || sea_water_speed || sea_water_temperature || time || upward_sea_water_velocity || wind_from_direction || wind_speed || wind_speed_of_gust || theme || NetCDF Climate and Forecast (CF) Metadata Convention Standard Name Table || ADCP > Acoustic Doppler Current Profiler || ANEMOMETERS || BAROMETERS || CTD > Conductivity, Temperature, Depth || CURRENT METERS || GPS > Global Positioning System || INCLINOMETERS || PYRANOMETERS || THERMISTORS || instrument || Global Change Master Directory (GCMD) Instrument Keywords || 2016 || publication || Version 8.4 || Global Change Data Center, Science and Exploration Directorate, Goddard Space Flight Center (GSFC) National Aeronautics and Space Administration (NASA) || Greenbelt || MD || http://gcmd.gsfc.nasa.gov/learn/keywords.html || HTTP || Web Browser || NASA GCMD Keyword Community Page || Overview of the NASA GCMD Keywords. || information || custodian || BUOYS || C-MAN > Coastal Marine Network || NDBC MOORED BUOY || platform || Global Change Master Directory (GCMD) Platform Keywords || 2016 || publication || Version 8.4 || Global Change Data Center, Science and Exploration Directorate, Goddard Space Flight Center (GSFC) National Aeronautics and Space Administration (NASA) || Greenbelt || MD || http://gcmd.gsfc.nasa.gov/learn/keywords.html || HTTP || Web Browser || NASA GCMD Keyword Community Page || Overview of the NASA GCMD Keywords. || information || custodian || 32301 || 32302 || 41001 || 41002 || 41003 || 41004 || 41005 || 41006 || 41007 || 41008 || 41009 || 41010 || 41011 || 41012 || 41013 || 41015 || 41016 || 41017 || 41018 || 41021 || 41022 || 41023 || 41025 || 41035 || 41036 || 41040 || 41041 || 41043 || 41044 || 41046 || 41047 || 41048 || 41049 || 41A40 || 41A41 || 41A43 || 41A44 || 41A47 || 41A48 || 41I35 || 42001 || 42002 || 42003 || 42004 || 42005 || 42006 || 42007 || 42008 || 42009 || 42010 || 42011 || 42012 || 42014 || 42015 || 42016 || 42017 || 42018 || 42019 || 42020 || 42025 || 42035 || 42036 || 42037 || 42038 || 42039 || 42040 || 42041 || 42053 || 42054 || 42055 || 42056 || 42057 || 42058 || 42059 || 42060 || 42065 || 42080 || 42107 || 42A01 || 42A02 || 42A57 || 44001 || 44002 || 44003 || 44004 || 44005 || 44006 || 44007 || 44008 || 44009 || 44010 || 44011 || 44012 || 44013 || 44014 || 44015 || 44017 || 44018 || 44019 || 44020 || 44023 || 44025 || 44026 || 44027 || 44028 || 44065 || 44066 || 44070 || 45001 || 45002 || 45003 || 45004 || 45005 || 45006 || 45007 || 45008 || 45009 || 45010 || 45011 || 45012 || 46001 || 46002 || 46003 || 46004 || 46005 || 46006 || 46007 || 46008 || 46009 || 46010 || 46011 || 46012 || 46013 || 46014 || 46015 || 46016 || 46017 || 46018 || 46019 || 46020 || 46021 || 46022 || 46023 || 46024 || 46025 || 46026 || 46027 || 46028 || 46029 || 46030 || 46031 || 46032 || 46033 || 46034 || 46035 || 46036 || 46037 || 46038 || 46039 || 46040 || 46041 || 46042 || 46043 || 46045 || 46047 || 46048 || 46050 || 46051 || 46053 || 46054 || 46059 || 46060 || 46061 || 46062 || 46063 || 46066 || 46069 || 46070 || 46071 || 46072 || 46073 || 46075 || 46076 || 46077 || 46078 || 46079 || 46080 || 46081 || 46082 || 46083 || 46084 || 46085 || 46086 || 46087 || 46088 || 46089 || 46105 || 46106 || 46107 || 46114 || 46125 || 46A35 || 46A47 || 46A73 || 46A77 || 46B23 || 46B54 || 46B62 || 48011 || 51000 || 51001 || 51002 || 51003 || 51004 || 51005 || 51026 || 51027 || 51028 || 51100 || 51101 || 52009 || 91204 || 91222 || 91251 || 91328 || 91338 || 91343 || 91352 || 91353 || 91355 || 91365 || 91374 || 91377 || 91411 || 91442 || ABAN6 || ALRF1 || ALSN6 || AMAA2 || AUGA2 || BLIA2 || BURL1 || BUSL1 || BUZM3 || CARO3 || CDRF1 || CHLV2 || CLKN7 || CSBF1 || DBLN6 || DESW1 || DISW3 || DPIA1 || DRFA2 || DRYF1 || DSLN7 || DUCN7 || EB01 || EB02 || EB03 || EB04 || EB05 || EB07 || EB10 || EB12 || EB13 || EB15 || EB16 || EB17 || EB19 || EB20 || EB21 || EB31 || EB32 || EB33 || EB34 || EB35 || EB36 || EB39 || EB41 || EB43 || EB44 || EB45 || EB52 || EB53 || EB61 || EB62 || EB63 || EB70 || EB71 || EB72 || ENIP2 || FARP2 || FBIS1 || FFIA2 || FILA2 || FPSN7 || FWYF1 || GBCL1 || GDIL1 || GLLN6 || IOSN3 || KOSP2 || KTNF1 || LKWF1 || LMBV4 || LNEL1 || LONF1 || LPOI1 || LSCM4 || MDRM1 || MISM1 || MLIP2 || MLRF1 || MPCL1 || MRKA2 || NWPO3 || ORKP2 || PAGP2 || PILA2 || PILM4 || PLSF1 || POTA2 || PTAC1 || PTAT2 || PTGC1 || ROAM4 || SACV4 || SANF1 || SAUF1 || SBIO1 || SGNW3 || SGOF1 || SISW1 || SJLF1 || SMKF1 || SPGF1 || SRST2 || STDM4 || SUPN6 || SVLS1 || THIN6 || TPLM2 || TTIW1 || UJAP2 || VENF1 || VERV4 || WPOW1 || XERB1 || platform || NDBC C-MAN Station/Buoy Identifiers || CONTINENT > NORTH AMERICA > CANADA > GREAT LAKES, CANADA || CONTINENT > NORTH AMERICA > UNITED STATES OF AMERICA > GREAT LAKES || OCEAN > ARCTIC OCEAN > BEAUFORT SEA || OCEAN > ATLANTIC OCEAN > NORTH ATLANTIC OCEAN || OCEAN > ATLANTIC OCEAN > NORTH ATLANTIC OCEAN > CARIBBEAN SEA || OCEAN > ATLANTIC OCEAN > NORTH ATLANTIC OCEAN > GULF OF MEXICO || OCEAN > PACIFIC OCEAN > CENTRAL PACIFIC OCEAN > HAWAIIAN ISLANDS || OCEAN > PACIFIC OCEAN > NORTH PACIFIC OCEAN || OCEAN > PACIFIC OCEAN > NORTH PACIFIC OCEAN > BERING SEA || OCEAN > PACIFIC OCEAN > NORTH PACIFIC OCEAN > GULF OF ALASKA || OCEAN > PACIFIC OCEAN > SOUTH PACIFIC OCEAN || place || Global Change Master Directory (GCMD) Location Keywords || 2016 || publication || Version 8.4 || Global Change Data Center, Science and Exploration Directorate, Goddard Space Flight Center (GSFC) National Aeronautics and Space Administration (NASA) || Greenbelt || MD || http://gcmd.gsfc.nasa.gov/learn/keywords.html || HTTP || Web Browser || NASA GCMD Keyword Community Page || Overview of the NASA GCMD Keywords. || information || custodian","//gmd:MD_DataIdentification/gmd:descriptiveKeywords[@gco:nilReason or //gmd:MD_Keywords/gmd:keyword]"
"onlineResourceURL","Required","True","True","[]","None","https://www.ncei.noaa.gov/ || https://www.ncei.noaa.gov/ || https://www.nodc.noaa.gov/ || http://www.ndbc.noaa.gov/ || https://www.ncei.noaa.gov/ || http://gcmd.gsfc.nasa.gov/learn/keywords.html || http://gcmd.gsfc.nasa.gov/learn/keywords.html || http://gcmd.gsfc.nasa.gov/learn/keywords.html || http://gcmd.gsfc.nasa.gov/learn/keywords.html || http://gcmd.gsfc.nasa.gov/learn/keywords.html || http://gcmd.gsfc.nasa.gov/learn/keywords.html || https://accession.nodc.noaa.gov/0070493/data/0-data/NDBCHandbookofAutomatedDataQualityControl2009.pdf || http://www.ndbc.noaa.gov/ || https://doi.org/10.1175/1520-0426%281993%29010%3C0097%3ADWFEOT%3E2.0.CO%3B2 || https://accession.nodc.noaa.gov/0070493/data/0-data/Gilhousen_1986_MDS.pdf || http://www.ndbc.noaa.gov/ || http://www.ndbc.noaa.gov/ || https://doi.org/10.1175/1520-0426(1987)004%3C0094:AFEONM%3E2.0.CO;2 || http://www.ndbc.noaa.gov/ || https://accession.nodc.noaa.gov/0070493/data/0-data/2ndWaves.pdf || http://www.ndbc.noaa.gov/ || https://accession.nodc.noaa.gov/0070493/data/0-data/hervey_index/index.html || http://www.ndbc.noaa.gov/ || https://doi.org/10.1109/JOE.1985.1145116 || https://doi.org/10.1029/JC095iC03p03373 || https://accession.nodc.noaa.gov/0070493 || https://accession.nodc.noaa.gov/0070493/data/0-data/F291_format.html || https://www.nodc.noaa.gov/search/granule/rest/find/document?searchText=fileIdentifier%3ANDBC-CMANWx*&start=1&max=100&f=searchPage || https://www.nodc.noaa.gov/BUOY/ || https://data.nodc.noaa.gov/cgi-bin/iso?id=gov.noaa.nodc:NDBC-CMANWx || https://data.nodc.noaa.gov/thredds/catalog/ndbc/cmanwx/ || https://data.nodc.noaa.gov/opendap/ndbc/cmanwx/ || https://data.nodc.noaa.gov/ndbc/cmanwx/ || ftp://ftp.nodc.noaa.gov/pub/data.nodc/ndbc/cmanwx/ || https://doi.org/10.6084/m9.figshare.1211954","//gmd:CI_OnlineResource/gmd:linkage"
"instrumentKeyword","Recommended","True","False","[]","None","ADCP || anemometer || barometers || buoy - moored buoy || CTD || current meter || GPS || inclinometer || meteorological sensors || pyranometer || thermistor || ADCP > Acoustic Doppler Current Profiler || ANEMOMETERS || BAROMETERS || CTD > Conductivity, Temperature, Depth || CURRENT METERS || GPS > Global Positioning System || INCLINOMETERS || PYRANOMETERS || THERMISTORS","//gmd:MD_DataIdentification/gmd:descriptiveKeywords/gmd:MD_Keywords[gmd:type/gmd:MD_KeywordTypeCode/@codeListValue = 'instrument']/gmd:keyword"
"verticalExtent","Recommended","False","False","['no element at given xpath']","None","None","//gmd:MD_DataIdentification/gmd:extent/gmd:EX_Extent/gmd:verticalElement/gmd:EX_VerticalExtent"
"measureIdentification","Not Required","False","False","['failed content check; therefore, exists = false']","None","MM-Stew","//gmd:DQ_DataQuality/gmd:report//gmd:measureIdentification"
